"Target",1512,Target,6
"Walmart",4192,Walmart eCommerce,101
"Microsoft",1035,Microsoft,2242
"IBM",1009,IBM,2163
"Bank of America",1123,Bank of America,28
"Wells Fargo",1235,Wells Fargo,94
"Best Buy",2127,Best Buy,3869
"AT&T",1052,AT&T,106
"US Army",1223,US Army,1
"Hewlett-Packard",1025,Hewlett-Packard,236
"The Home Depot",1534,The Home Depot,20
"Macy's",2300,Macy's,463
"Starbucks",2271,Starbucks,135
"Lowe's",2227832,Bernie Lowe & Associates, Inc.,0
"Cisco Systems",1063,Cisco,258
"Deloitte",1038,Deloitte,2452
"US Air Force",157235,United States Air Force,20
"Sears",1944,Sears Holdings Corporation,9534
"Apple",162479,Apple,1602
"US Navy",1335,US Navy,7
"Walgreens",3589,Walgreens,76
"Accenture",21314,Accenture Software for P&C Insurance,0
"J.P. Morgan",1067,J.P. Morgan,303
"Intel Corporation",1053,Intel Corporation,368
"PwC",1044,PwC,7253
"Amazon.com",1586,Amazon,1212
"CVS Caremark",4680,CVS Caremark Corporation,237
"McDonald's",2677,McDonald's Corporation,44
"Verizon Wireless",2696,Verizon Wireless,97
"Oracle",1028,Oracle,168
"Enterprise Rent-A-Car",462318,Enterprise Holdings,20
"Nordstrom",538297,Nordstromrack.com | HauteLook, a Nordstrom Company,0
"UPS",1524,UPS Supply Chain Solutions,0
"Dell",1093,Dell,1255
"Chase",1068,JPMorgan Chase,902
"Lockheed Martin",1319,Lockheed Martin,58
"EY",1073,EY,1375
"Sprint",1106,Sprint,47
"T-Mobile",1392,T-Mobile,1081
"Comcast",1703,Comcast,300
"Verizon",1103,Verizon,366
"Citi",11448,Citi,79
"US Marine Corps",2039,United States Marine Corps,0
"Booz Allen Hamilton",1403,Booz Allen Hamilton,42
"Boeing",1384,Boeing,173
"Kohl's",3742136,Kohl Wholesale,0
"Abercrombie & Fitch",5410,Abercrombie & Fitch,43
"J. C. Penney",20879,City of Plano,0
"DISH",4296,Dish Network,65
"Google",1441,Google,923
"Staples",3019,Staples,39
"Infosys",25142,Infosys McCamish Systems,0
"Cognizant Technology Solutions",1680,Cognizant Technology Solutions,109
"KPMG US",1079,KPMG US,1212
"UnitedHealth Group",1720,UnitedHealth Group,0
"Northrop Grumman",1412,Northrop Grumman Corporation,22
"Insight Global",1262,Deutsche Bank,23
"GE",1023,GE Capital,774
"Kaiser Permanente",1550,Kaiser Permanente,44
"Fidelity Investments",1307,Fidelity Investments,163
"Hertz",4326,Hertz,93
"Xerox",1373,Xerox,30
"State Farm",2381,State Farm,5233
"Kroger",4914,Kroger,3
"PepsiCo",1431,PepsiCo,692
"Thomson Reuters",1400,Thomson Reuters,41
"Computer Sciences Corp",1120,CSC,123
"The Gap",1677,Gap Inc.,4
"Capital One",1123,Bank of America,28
"Intuit",1666,Intuit,405
"U.S. Bank",2532,U.S. Bank,41
"Yahoo",1288,Yahoo,153
"American Express",1277,American Express,18
"Raytheon",1505,Raytheon,40
"ADP",1463,ADP,574
"Qualcomm",595224,Qualcomm Innovation Center Inc,0
"Victoria's Secret Stores",2251,Victoria's Secret,86
"Whole Foods Market",157353,Whole Foods Market,2066
"Office Depot",3114,Office Depot,42
"Time Warner Cable",2031,Time Warner Cable,9
"Northwestern Mutual",2445,Northwestern Mutual,36
"EMC",1128,EMC,186
"RadioShack",3428,RadioShack,92
"YMCA",5291,YMCA,117
"Forever 21",163828,First Citizens Bank,51
"Motorola Mobility",1066,Motorola,66
"US Postal Service",3694,United States Postal Service,2
"Old Navy",165295,Gap Inc./Old Navy,1
"GameStop",3342281,The Old School Game Vault,0
"Publix",7242,Publix Super Markets,6
"Kmart",1943,Kmart Corporation,7
"Allstate",1835,Allstate,287
"Panera Bread",5070382,Howley Bread Group, Ltd., a franchise of Panera, LLC,1
"Morgan Stanley",1351,Morgan Stanley Wealth Management,98
"Goldman Sachs",1382,Goldman Sachs,69
"Marriott",2311,Marriott International,2125
"Disney Parks & Resorts",1292,The Walt Disney Company,1145
"State Street",1767,State Street,481
"Safeway",3498,Safeway,28
"PNC Financial Services Group",6037,National City,0
"BNY Mellon",162750,BNY Mellon,931
"Coca-Cola Company",1694,The Coca-Cola Company,266
"Costco Wholesale",43902,ADW Acosta,0
"SAIC",1614,SAIC,200
"FedEx",1670,FedEx Services,5
"Procter & Gamble",1116,Procter & Gamble,108
"Merrill Lynch",1178,Merrill Lynch,13
"Liberty Mutual Insurance",2701,Liberty Mutual Insurance,752
"Symantec",1231,Symantec,43
"Toys ''R'' Us",4990,Toys R Us,21
"Merck",1486,Merck,26
"Honeywell",1344,Honeywell,24
"Barnes & Noble",4417,Barnes & Noble,28
"Sam's Club",22070,Triad Retail Media,8
"VMware",2988,VMware,443
"eBay Inc.",1481,eBay Inc,100
"OfficeMax",3675,OfficeMax,5
"Dollar General",4326,Hertz,93
"Dillard's",7455,Dillards,1
"Convergys",2159,Convergys,163
"Sun Microsystems",1062,Sun Microsystems,0
"Subway",8093,Subway,35
"UBS",5071719,UBS Center,0
"Texas Instruments",1397,Texas Instruments,249
"Pfizer",1185,Pfizer,60
"Johnson & Johnson",1207,Johnson & Johnson,610
"Tata Consultancy Services",1353,Tata Consultancy Services,98
"PetSmart",165454,PetSmart,9
"Bath & Body Works",2250,L Brands,57
"Pizza Hut",3408,Yum! Restaurants International,0
"Ross Stores",7032,Ross Stores, Inc.,19
"American Eagle Outfitters",2411634,NEXT/NOW,0
"Charles Schwab",1855,Charles Schwab,34
"Rite Aid",6913,Rite Aid,22
"GEICO",157327,GEICO,32
"MetLife",2213,MetLife,380
"Michaels Stores",6034,Michaels Stores, Inc.,10
"Bloomberg L.P.",2494,Bloomberg LP,344
"TEKsystems",2152,TEKsystems,8
"Edelman",58931,Edelman Financial Services,6
"Salesforce.com",3185,salesforce.com,538
"USAA",4501,USAA,12
"Citibank",11448,Citi,79
"Affiliated Computer Services",7992,Buck Consultants,5
"Robert Half",1685,Robert Half Technology,3
"Express Scripts",4969,Express Scripts,209
"SAP",1115,SAP,45
"General Motors",1472,General Motors,1298
"Farmers Insurance Group",3240,Farmers Insurance,82
"SunTrust",2692,SunTrust Bank,21
"H&R Block",3671,H&R Block,4
"NetApp",2105,NetApp,142
"Adobe",1480,Adobe,52
"Edward Jones",3677,Edward Jones,91
"Aerotek",2889,Aerotek,73
"Banana Republic",1678,Banana Republic / Gap Inc.,5
"Bed Bath & Beyond",7174,Bed Bath & Beyond,502
"Dick's Sporting Goods",7789,DICK'S Sporting Goods,48
"AMD",1497,AMD,35
"Expedia",2751,Expedia, Inc.,245
"Genentech",8013,Exelixis,0
"The Nielsen Company",1713,Nielsen Company,0
"Schlumberger",2210607,GeothermEx Inc., a Schlumberger Company,0
"Ford Motor",166276,Team Detroit,65
"Darden",163347,Darden,9460
"Credit Suisse",1284,Credit Suisse,126
"Caterpillar",162911,Caterpillar Logistics Inc.,0
"New York Life",2833617,Kentucky Blue Blood Financial Group/ a Lifetime Financial Growth Company,0
"Humana",4257,Humana,34
"BAE Systems USA",1748499,TPG - The Project Group,0
"Wipro",1315,Wipro Infotech,0
"Kelly Services",2309,Kelly Financial Resources,7
"LinkedIn",1337,LinkedIn,188
"Sherwin-Williams",165944,Sherwin Williams,17
"NIKE",2029,Nike,29
"Advantage Sales and Marketing",1784,The Boston Consulting Group,3
"CarMax",162901,CarMax,20
"Pearson",2138,Pearson plc,0
"Stanford University",1792,Stanford University,338
"Walt Disney Company",1292,The Walt Disney Company,1145
"Medtronic",1841,Medtronic,25
"Epic Systems Corporation",6959,InterSystems,67
"University of Michigan",2516,University of Michigan,39
"Chick-fil-A",7476,The Richards Group,4
"Vanguard",3184,Vanguard,24
"Broadcom",3072,Broadcom,106
"Aflac",3997,Aflac,7
"Wachovia",1235,Wells Fargo,93
"American Airlines",2640,American Airlines,49
"United Airlines",2380,United Airlines,6
"Nationwide",2340,Nationwide Insurance,20
"L-3 Communications",2810,L-3 Communications,1075
"Applebee's",6753,Applebee's,454
"Cintas",5045,Cintas,1171
"Cox Communications",3330,Cox Communications,61
"Ulta Beauty",166572,ULTA Beauty,495
"Fiserv",7630,Open Solutions is now part of Fiserv. Please follow Fiserv at LinkedIn.com/company/Fiserv,10
"Hollister Co.",5410,Abercrombie & Fitch,43
"University of California Berkeley",2517,UC Berkeley,19
"University of Phoenix",3051,Apollo Education Group,10
"Progressive Insurance",3264,Progressive Insurance,71
"Ann Taylor",157337,ANN INC.,89
"American Red Cross",157239,American Red Cross,132
"University of Washington",4608,Washington University in St. Louis,5
"GE Healthcare",1015,GE,2023
"Chipotle",163025,Chipotle Mexican Grill,3
"Facebook",10667,Facebook,324
"Travelers Companies",3088,Travelers,65
"Menards",13739,Menards,0
"Aon Hewitt",2041,Aon,13
"ARAMARK",2815,Aramark,952
"Advance Auto Parts",9185,Advance Auto Parts,3
"AutoZone",7412,AutoZone,8
"Avaya",1494,Avaya,103
"Ericsson-Worldwide",6846,AEG,2
"Express",4969,Express Scripts,209
"Juniper Networks",2240,Juniper Networks,126
"AIG",1760,AIG,113
"Taco Bell",3408,Yum! Restaurants International,0
"Electronic Data Systems",1001,Teledyne Technologies Incorporated,1
"Trader Joe's",11823,Trader Joe's,18
"Goodwill",3757767,Goodwill Industries of Central East Texas,0
"Paychex",4255,Paychex,34
"ADT Security Services",162293,ADT,34
"CDW",3334,CDW,39
"TJ Maxx",5122,TJ Maxx,0
"Cerner",2812,Cerner Corporation,14
"US Census Bureau",7811,U.S. Census Bureau,0
"CGI Group",72172,XYZ,0
"FedEx Office",3866,FedEx Office,17
"Meijer",7075,Meijer,95
"Sports Authority",5892,Sports Authority,4
"Amgen",2068,Amgen,71
"Family Dollar Stores",163761,Family Dollar,2
"Deutsche Bank",1262,Deutsche Bank,23
"Williams-Sonoma",4123,Williams-Sonoma, Inc.,72
"TD Bank",5246686,Keller Mack Insurance Inc,0
"Hilton Worldwide",2449,Hilton Worldwide,207
"CenturyLink",4955,CenturyLink,61
"Prudential",15294,Prudential Real Estate,0
"Domino's",673027,Domino Amjet, Inc,0
"University of Southern California",3084,University of Southern California,5
"LexisNexis Legal & Professional",2206,LexisNexis,19
"Rockwell Collins",3959,Rockwell Collins,50
"Burger King",162835,Burger King Corporation,18972
"Capgemini",1956,Sogeti,40
"Eastman Chemical",163547,Eastman Chemical Company,19
"Fifth Third",269755,BBVA Compass,18
"CA Technologies",1372,CA Technologies,70
"Vector Marketing",6646,Vector Marketing,1021
"NBCUniversal",1828,NBCUniversal, Inc.,318
"NCR",1467,NCR Corporation,60
"J. Crew",6734,J.Crew,50
"PayPal",1482,PayPal,133
"Blockbuster",3418,Blockbuster,0
"Wendy's",982790,Team Wendy,0
"Petco",19671,Digitaria, a JWT Company,3
"DIRECTV",3744,DIRECTV,24
"Delta Air Lines",2272,Delta Air Lines,0
"Dollar Tree",2951929,A+ Tree & Crane Services, Inc.,0
"Alcatel-Lucent",4274,Dimension Data UK,0
"AOL",1258,AOL,37
"The Hartford",2467,The Hartford,10
"UCLA",2477,UCLA,17
"Columbia University",2624,Columbia University in the City of New York,25
"BP",1389,BP,127
"US Department of Veterans Affairs",271896,1E,0
"Manpower",2835101,Manpower Professional - Las Vegas,0
"Ameriprise",2515038,Ameriprise Auto & Home Insurance,10
"AMC Entertainment",165103,National CineMedia (NCM),17
"Aetna",5564,Coventry Health Care, an Aetna Company,0
"Securitas Security Services USA",307494,Securitas Security Services USA, Inc.,9
"Chili's",2287456,Dolores Chili Brick,0
"Visa Inc.",269755,BBVA Compass,18
"Sephora",3544878,Sephora Design,0
"U.S. Cellular",4729,U.S. Cellular,51
"DaVita",6487,DaVita,9
"Cigna",2490,Cigna,1322
"Fedex Express",40761,KickApps Corporation,0
"Starwood Hotels & Resorts",3035,Starwood Hotels & Resorts Worldwide, Inc.,23
"Nokia",2962413,Nokia Growth Partners,0
"Chevron",2192,Chevron,56
"FedEx Ground",1668,FedEx Ground,0
"Pier 1 Imports",5928,Pier 1 Imports,25
"Discover",3762,Discover Financial Services,83
"Citrix Systems",164004,Global Knowledge Training,4
"General Mills",2822,General Mills,56
"URS",4284,URS Corporation,24
"McKesson",1900,McKesson,63
"H E B",904770,lgofbeverlyhills,0
"Red Lobster",163347,Darden,9460
"Bloomingdale's",162731,Bloomingdale's,37
"National Instruments",1841,Medtronic,25
"Frontier Communications",163906,Frontier Communications,8
"Hyatt",220336,Hyatt Hotels Corporation,6
"Food Lion",12727,Food Lion,2923
"Johnson Controls",2247,Johnson Controls,613
"Kraft Foods",4100,Starcom MediaVest Group,9
"Harvard University",1646,Harvard University,509
"Fastenal",10564,Fastenal,871
"Wolters Kluwer",2487,Wolters Kluwer, CCH,3
"Abbott Labs",1612,Abbott,36
"Urban Outfitters",8280,Urban Outfitters,6
"Life Time Fitness",165697,REI,0
"Eli Lilly",1663,Eli Lilly and Company,18
"American Income Life",12868,The Entrepreneur's Source,0
"WellPoint",2619,WellPoint,27
"REI",165697,REI,0
"MIT",1503,Massachusetts Institute of Technology (MIT),182
"Reynolds and Reynolds",3720,The Reynolds and Reynolds Company,171
"AlliedBarton",162381,AlliedBarton Security Services,4
"HCL Technologies",1756,HCL Technologies,47
"BlackRock",2766517,Blackrock Lender Services,0
"hibu",6936,hibu,413
"Cracker Barrel",3568812,The Focus Group Management Consulting,1
"University of Minnesota",3181,University of Minnesota,8
"Purdue University",3846,Purdue University,321
"Applied Materials",2018,Applied Materials,13
"Electronic Arts",6391,Tavant Technologies,0
"Buffalo Wild Wings",162206,22squared,0
"Wegmans",166905,Wegmans Food Markets,1
"Mercer",2423,Mercer,64
"W.W. Grainger",3863,Grainger,51
"Six Flags",7737,Six Flags,200
"McKinsey & Company",2290848,Objective Health, a McKinsey Solution for Healthcare Providers,0
"ITT Technical Institute",30098,Center for Professional Development @ ITT Technical Institute,0
"Texas A&M",4556,Texas A&M University,86
"Jimmy John's",948895,Jimmy John's,0
"Quest Diagnostics",4727,Quest Diagnostics,33
"Brigham Young University (BYU)",13635,BYU-Idaho,0
"Chrysler",1616,Chrysler Group LLC,3
"US Department of Defense",165069,Mullen,0
"Rent-A-Center",564686,Next Contact,0
"Cummins",3143906,Cummins Crosspoint,0
"Aéropostale",14191,Aeropostale,5
"University of Maryland",3638,University of Maryland,17
"NVIDIA",3608,NVIDIA,191
"BB&T",4672,BB&T,52
"Papa John's",14430,Papa John's International,4
"Burlington Coat Factory",11240,Burlington Stores, Inc.,7
"Cardinal Health",2162,Cardinal Health,714
"24 Hour Fitness",6497,24 Hour Fitness,10
"General Dynamics Information Technology",1905,General Dynamics Information Technology,1712
"First Data",2020,First Data Corporation,489
"Level 3 Communications",1625,Level 3 Communications,7
"Rackspace",5234,Rackspace, the #1 managed cloud company,248
"University of Texas at Austin",3162,The University of Texas at Austin,2
"Baker Hughes",4334,Baker Hughes,130
"MITRE",2793318,Mitre Accounting and Tax Service,0
"Southwest Airlines",4599,Southwest Airlines,30
"hhgregg",43537,h.h. gregg,26
"DSW",163512,DSW,2
"CareerBuilder",4162,CareerBuilder.com,12
"Saks Fifth Avenue",157315,Saks Fifth Avenue,157
"TeleTech",5945,eLoyalty, a TeleTech Company,6
"Thermo Fisher Scientific",3081,Thermo Fisher Scientific,262
"BearingPoint",1207880,Diogenec Group, LLP,0
"YP",1865398,Elevate YPO,0
"Halliburton",2217,Halliburton,39
"Outback Steakhouse",6043,Deutsch,2
"Massage Envy",164868,Massage Envy Spa,3
"Coach",5618,Coach,25
"Fannie Mae",19722,Fannie Mae,42
"Riverbed Technology",7796,Riverbed Technology,62
"Winn-Dixie",166949,Winn-Dixie,0
"GNC",9650,GNC,3
"AECOM",15656,AECOM,1
"University of Illinois at Urbana-Champaign",2650,University of Illinois at Urbana-Champaign,139
"Pitney Bowes",2503,Pitney Bowes,16
"The Children's Place",4798,Hallmark Cards,4
"University of Pennsylvania",3165,University of Pennsylvania,4
"Ricoh Americas Corporation",3316,Ricoh Americas Corporation,14
"GE Capital",1023,GE Capital,774
"Groupon",355611,Groupon,118
"Morgan Stanley Smith Barney",1351,Morgan Stanley Wealth Management,98
"Overstock.com",2571886,KC Overstock,0
"Avon Products",2614,Avon,25
"Netflix",165158,Netflix,136
"Harris Teeter",19540,Harris Teeter,0
"Motorola Solutions",1771432,Motorola Solutions,49
"Arizona State University",4292,Arizona State University,27
"Dow Chemical",5849,Dow Corning,6
"TIAA-CREF",4037,TIAA-CREF,156
"Georgia Tech",3558,Georgia Institute of Technology,179
"H&M",2567179,H&M Mechanical Constructors, Inc.,0
"CBRE",2953351,CBRE Global Investors,0
"American Cancer Society",4013,American Cancer Society,23
"Payless ShoeSource",165415,Payless ShoeSource,7
"Cheesecake Factory",2729597,Vollmer's Bakery and Cheesecake Factory,0
"Keller Williams",2224,Keller Williams Realty, Inc.,392
"Charter Communications",166829,VML,13
"Pacific Gas and Electric",3895,Pacific Gas and Electric Company,47
"University of Florida",4282,University of Florida,1
"FIS",100783,FIS Group,0
"HSBC Bank USA",2194820,Prineta Payment Consulting,0
"Belk",3521881,Belk Architecture,0
"CompuCom",3635,CompuCom,23
"Anthropologie",8281,Anthropologie,1
"Northwestern University",3196,Northwestern University,70
"Freescale Semiconductor",1959,Freescale Semiconductor,16
"Jacobs Engineering",4025,Jacobs,29
"CEB",3198,CEB,41
"Micron Technology",3690,Micron Technology,101
"Total Quality Logistics",15677,Total Quality Logistics,267
"Barclays Capital",24864,Allied Testing,0
"Washington Mutual",6378,Russell Investments,14
"Chico's FAS",163019,Chico's FAS Inc.,586
"CROSSMARK",3729963,CrossMark Risk Solutions,0
"Marshalls",410048,Southfield Packaging/Marshalls Express, Inc.,0
"3M",1864,3M,15
"Waste Management",204770,Waste Management,17
"Unisys",1281,Unisys,14
"IKEA",3046152,Vivson Ikea,0
"CSAA Insurance Group",2984,CSAA Insurance Group,60
"NYU (New York University)",3159,New York University,51
"Covidien",57390,Switch,4
"Bain & Company",2114,Bain & Company,12
"SRA International",3916,SRA International,19
"Polo Ralph Lauren",4688,Ralph Lauren,5
"KeyBank",3253,KeyBank Real Estate Capital,0
"Boston Scientific",1637,Boston Scientific,39
"Harris",272690,Harris & Harris, Ltd.,1
"Brookdale Senior Living",1256525,Brookdale Senior Living,0
"Penn State University",3657,Penn State University,43
"ALDI",1388360,Aldi Real Estate,0
"HSBC Holdings",1056439,CoBe Capital,0
"Regal Entertainment",19251,Regal Entertainment Group,0
"Gannett",4191,Gannett,56
"Kimberly-Clark",1672,OgilvyOne Worldwide,0
"Bristol-Myers Squibb",1773,Bristol-Myers Squibb,432
"Quicken Loans",165627,Quicken Loans,4
"Baxter",1249150,Baxter & Baxter, LLP,0
"Clear Channel",2541,Clear Channel Outdoor,8
"Cengage Learning",162954,Cengage Learning,298
"Ruby Tuesday",12826,Ruby Tuesday,0
"Regions Financial",1284,Credit Suisse,126
"Avanade",3033,Avanade,12
"Navistar",734935,Pure Power Technologies LLC, A Navistar Company,0
"Teach for America",281289,Teach For Us,0
"Olive Garden Italian Restaurants",3798634,Olive Garden,0
"UC San Diego",3382,University of California, San Diego,112
"John Deere",3789,John Deere,22
"Scottrade",9385,Scottrade,22
"Borders",5149,Borders,1
"RGIS",14434,RGIS,10
"Ohio State University",3171,The Ohio State University Wexner Medical Center,131
"Sodexo USA",3237698,Dynamic Drinkware,0
"7-Eleven",6176,7-Eleven,96
"TJX Companies",5121,The TJX Companies, Inc.,18
"Alorica",13152,Alorica,5
"Hobby Lobby",164200,Hobby Lobby,109
"Freddie Mac",3140,Freddie Mac,19
"Dunkin' Donuts",163520,Dunkin' Brands,9
"Protiviti",3920,Protiviti,29
"BCBG",8989,BCBGMAXAZRIAGROUP,6
"Avis Budget Group",2121,Avis Budget Group,43
"CACI International",3672,CACI International Inc,45
"Caesars Entertainment",4210,Caesars Entertainment Corporation,10
"Agilent Technologies",1526,Agilent Technologies,0
"R.R. Donnelley",28299,EDGAR Online, a division of R.R. Donnelley & Sons Company,0
"IRS",2937062,IRS Remedy,0
"MTV Networks",1884,Viacom,17
"UC Davis",2842,UC Davis,9
"Cargill",5073584,Cargill Marketing and Communications,0
"Orbitz Worldwide",5169,Orbitz Worldwide,25
"West Corporation",5335,West Corporation,202
"University of Pittsburgh",3461,University of Pittsburgh,8
"Monsanto Company",3422,Monsanto Company,15
"Maxim Healthcare Services",164880,Maxim Healthcare Services,47
"Turner Broadcasting",2047,Turner Broadcasting System,3
"Holiday Retirement",68423,Holiday Retirement,1
"Capital Group",1123,Bank of America,28
"Jones Lang LaSalle",3178,JLL,140
"Sony Electronics",1253,Sony Electronics,12
"Autodesk",1879,Autodesk,72
"DeVry University",4427,DeVry University,8
"Circuit City",3421,CompUSA,0
"SolarCity",240767,SolarCity,88
"Neiman Marcus",2074739,6 Shore Road,0
"Cornell University",3523,Cornell University,3
"Southern California Edison",157357,Southern California Edison (SCE),51
"Roche",5043307,Roche Human Resources Consulting, LLC,0
"Philips Healthcare",2482113,Philips Healthcare,0
"Active Network",7126,ACTIVE Network,68
"Johns Hopkins University",3528,Johns Hopkins University,12
"Power Home Remodeling Group",594172,Power Home Remodeling Group,21
"LA Fitness",14278,Millennium Partners Sports Club Management,0
"General Dynamics C4 Systems",1908,General Dynamics C4 Systems,17
"Eaton",2599,Eaton,252
"Sogeti",1956,Sogeti,40
"The Fresh Market",166360,The Clorox Company,66
"Citizens Financial Group",163062,Citizens Bank,46
"Rutgers University",4262,Rutgers University,0
"Fresenius Medical Care - North America",5978,Fresenius Medical Care,65
"Fry's Electronics",1417798,LYNX INNOVATION INC,1
"University of Chicago",6477,Loyola University Chicago,111
"Cobalt",1655081,Cobalt Capital Partners,0
"Novartis Pharmaceuticals",1406,Novartis,15
"Pacific Sunwear",9213,Pacific Sunwear,31
"UC San Francisco",2517,UC Berkeley,19
"Kellogg Company",3922,Kellogg Company,111
"Razorfish",2864,Razorfish,19
"Hy-Vee",164249,Hy-Vee,0
"Teleperformance",3730201,GMS CONNECT,0
"Gartner",2078,Gartner,45
"McGladrey LLP",3743,McGladrey,500
"Red Robin",12760,Red Robin,7
"CareFusion",381767,CareFusion,129
"Sonic",7638,Sonic Drive-In,4
"University of Houston",157342,University of Houston,145
"GE Aviation",570550,GE Aviation,11
"Container Store",64774,Port of Long Beach,0
"Stop & Shop",3143,Stop & Shop,35
"Nestlé USA",1171662,GModelo USA, LLC,0
"Whirlpool",2551,Whirlpool Corporation,22
"Big Lots",9229,Big Lots,15
"Kforce",3076,Kforce Inc,49
"Cleveland Clinic",5656,Cleveland Clinic,40
"Giant Eagle",2683207,Williams, Moliterno & Scully Co., L.P.A.,0
"Aaron's",1516933,Aaron Chang Ocean Art Galleries,0
"Books-A-Million",1885,Nickelodeon,1
"US Coast Guard",462659,US Coast Guard Auxiliary,0
"Bankers Life & Casualty",5007,Bankers Life and Casualty Company,24
"ExxonMobil",1689,ExxonMobil,2
"Slalom Consulting",166000,Slalom Consulting,12
"Schneider Electric",2329,Schneider Electric,32
"Northern Trust",3831,Northern Trust Corporation,15
"Randstad US",157324,Randstad Technologies US,0
"Levi Strauss",165420,Pcubed,0
"Digitas",8790,Digitas Health LifeBrands,0
"Kindred Healthcare",7616,Kindred Healthcare,27
"Ecolab",4713,Ecolab,44
"SUPERVALU",2912,SUPERVALU,7
"Acosta",8097,Acosta Sales & Marketing,192
"Guitar Center",8359,Guitar Center,12
"Cellular Sales",4729,U.S. Cellular,51
"Cbeyond",162921,Cbeyond,27
"Reachlocal",165676,ReachLocal,13
"Public Storage",1093,Dell,1255
"JoS. A. Bank",42610,Jos. A. Bank Clothiers,3
"KLA-Tencor",2722,KLA-Tencor,30
"LabCorp",923992,National Genetics Institute; a LabCorp subsidiary,0
"MD Anderson",164901,MD Anderson Cancer Center,22
"US Airways",3797,US Airways,4
"FactSet",163755,FactSet,10
"Federal Government",1614,SAIC,200
"LSI",164778,LSI, an Avago Technologies Company,0
"Supermedia",1364700,Inceptor,0
"Harbor Freight Tools",28923,Harbor Freight Tools,3
"Indiana University",3325,Indiana University,3
"Eastman Kodak",1515,Eastman Kodak,12
"Steak n Shake",166152,Steak n Shake,4
"Interactive Intelligence",164405,Interactive Intelligence,48
"O'Reilly Auto Parts",30967,O'Reilly Auto Parts,10
"TD Ameritrade",3388,TD Ameritrade,68
"Wayfair",19857,Wayfair,11
"Albertsons",2911,Albertsons,0
"US Investigations Services",7787,AlixPartners,4
"JetBlue",164535,JetBlue Airways,4
"Life Technologies",1035,Microsoft,2242
"Apollo Education Group",3051,Apollo Education Group,10
"Ashford University",20241,Ashford University,7
"Quintiles",4057,Quintiles,32
"The Buckle",33588,The Buckle, Inc.,0
"Mattress Firm",164876,Mattress Firm,18
"New York City Department of Education",2905,NYC Department of Education,0
"Exelis",256931,Exelis C4i,0
"MassMutual",3631,MassMutual Financial Group,6
"Hospital Corporation of America",3626,HCA,15337
"Education Management Corporation",1550,Kaiser Permanente,44
"Zynga",7284,Academy of Art University,11
"NIH",165107,National Institutes of Health,4
"Jamba Juice",11209,Jamba Juice,0
"Carnegie Mellon University",3147,Carnegie Mellon University,80
"Marvell Technology",3772,Marvell Semiconductor,28
"Party City",6516,DST Systems,9
"C.H. Robinson Worldwide",162987,C.H. Robinson,77
"Duke University",3356,Duke University,6
"Cablevision Systems",4294,Cablevision,20
"Dominion Enterprises",2261895,ZiiOS, LLC,0
"Acxiom",2739,Acxiom,11
"Unilever",625058,Unilever PeopleLink,0
"Lifetouch",8266,Lifetouch,419
"Finish Line",10914,Finish Line,9
"LensCrafters",14088,Lenscrafters,0
"Cornerstone OnDemand",19664,Cornerstone OnDemand,44
"MarketSource",6743,MarketSource,779
"Iron Mountain Inc",3780,Iron Mountain,31
"Wells Fargo Advisors",1235,Wells Fargo,94
"E*TRADE Financial",11516,Aramex,0
"Cricket Communications",5780,Cricket Wireless,4
"AXA Advisors",5120,AXA Advisors,11
"Washington University in St. Louis",4608,Washington University in St. Louis,5
"Adecco USA",1930,Adecco Staffing, USA,14
"Brocade Communications",5853,Westcon,7
"Hallmark",4798,Hallmark Cards,4
"Ingersoll-Rand",3175,Ingersoll Rand,31
"Qwest",1638,Qwest,0
"Fred Meyer",4914,Kroger,3
"Xilinx",2770015,Bottom Line Technologies, Inc,0
"MathWorks",1851745,MathWorks Consulting,0
"CoStar Group",7027,CoStar Group,51
"Boston Consulting Group",1784,The Boston Consulting Group,3
"Salvation Army",166406,The Salvation Army,417
"Arby's",11874,Arby's Restaurant Group, Inc.,20
"Wawa",12241,Wawa, Inc.,14
"DuPont",2155,DuPont,26
"KFC",3408,Yum! Restaurants International,0
"Bob Evans",27803,Bob Evans,1010
"T.G.I. Friday's",11520,T.G.I. Fridays,5
"Jo-Ann Stores",164543,Jo-Ann Stores, LLC.,1008
"Epsilon",3776,Epsilon,308
"Flextronics",2279,Flextronics,193
"Boston University",3556,Boston University,99
"International Game Technology",5147,IGT,50
"Maxim Integrated",3766972,Barksteel Systems,0
"Crate & Barrel",9849,Crate and Barrel,5
"kumon north american", null, null, null"Mary Kay",2835,Mary Kay Inc.,12
"Newell Rubbermaid",157237,Newell Rubbermaid,12
"Panda Express",3065793,WBT Industries,0
"Yale University",4071,Yale University Careers,7
"Sodexo",3402,Sodexo,52
"American Automobile Association (AAA)",3243196,Seminole Hard Rock Hotel & Casino Tampa,0
"Texas Roadhouse",20139,Texas Roadhouse,0
"Houghton Mifflin Harcourt",3980,Houghton Mifflin Harcourt,31
"GLOBALFOUNDRIES",241309,GLOBALFOUNDRIES,14
"T. Rowe Price",157329,T. Rowe Price,41
"Coldwater Creek",7521,Coldwater Creek,0
"Volt Information",2594,Volt Information Sciences,0
"University of Arizona",4734,The University of Arizona,81
"Sapient",2145,Sapient,17
"Nortel Networks",25672,Continuant,1
"TE Connectivity",2059,TE Connectivity,16
"Talbots",8294,Talbots,5
"American Family Insurance",4647,American Family Insurance,99
"Blue Shield Of California",2619,WellPoint,27
"St. Jude Medical",4345,St. Jude Medical,20
"Foot Locker",163864,Foot Locker,5
"BMC Software",1597,BMC Software,41
"The Campus Special",7257,University of New Hampshire,7
"BD",3102,BD,169
"Emory University",3889,Emory University,14
"Vocus",12052,Vocus,4
"BJ's Wholesale Club",8403,BJ's Wholesale Club,8
"North Carolina State University",4813,NC State University,1
"CH2M HILL",3739,CH2M HILL,243
"Cost Plus",4556,Texas A&M University,86
"David's Bridal",10883,David's Bridal,2
"Georgia-Pacific Corporation",166521,TSYS,77
"US Foods",166714,US Foods,1194
"Apria Healthcare",162486,Apria Healthcare,6
"M&T Bank",164798,M&T Bank,8
"Amdocs",1539,Amdocs,3
"GlaxoSmithKline",429603,G2 Worldwide,13
"L'Oréal USA",2591827,Maximus Spa Salon,0
"InterContinental Hotels",3549,IHG - InterContinental Hotels Group,3
"Gymboree",2504345,Gymboree Play & Music of Ocean & Howell, NJ,0
"Beckman Coulter",162677,Beckman Coulter,15
"Geek Squad",8934,Geek Squad,0
"Allscripts",7094,Allscripts,48
"Discovery Communications",2928,Discovery Communications,14
"College Works Painting",163145,College Works Painting,0
"College Works Painting",163145,College Works Painting,0
"LivingSocial",481652,LivingSocial,46
"Aon",2041,Aon,13
"Tiffany & Co.",1017693,Tiffany Blackstone Photography,0
"Justice Just for Girls",3694113,REST,0
"McMaster-Carr",5264,McMaster-Carr,3
"Condé Nast",3308,Condé Nast,7
"Union Pacific",5992,Union Pacific Railroad,5
"Sabre",2113,Sabre Corporation,73
"Bechtel",87935,Bechtel Jacobs,0
"ICF International",5742,ICF International,18
"Panduit",165394,Panduit,4
"University of Wisconsin",4099,University of Wisconsin-Madison,529
"P.F. Chang's",1085528,Cuisine On The Scene,0
"Men's Wearhouse",410499,Men's Wearhouse,14
"Dow Jones",1431,PepsiCo,691
"Dairy Queen",389308,Mobivity,0
"GoDaddy",7846,GoDaddy,19
"BlackBerry",2647412,Blackberry Repair Centre,0
"Hitachi Consulting",4049,Hitachi Consulting,30
"Monster Worldwide",1844,Monster Worldwide,1
"Altria",6414,Altria,12
"Claire's Stores",30498,Claire's Accessories,0
"Teavana",404019,Teavana,5
"Coldwell Banker",2037,Coldwell Banker,1
"Michigan State",166139,State of Michigan,0
"Huron Consulting Group",5751,Huron Consulting Group,98
"Jewel-Osco",302777,jewel-osco,0
"Shoprite Supermarkets",5188779,Stevens Design & Animation, LLC,0
"Fluor",3681,Fluor Corporation,6
"The World Bank",1123,Bank of America,28
"National Oilwell Varco",3624302,World Petroleum Supply, Inc.,0
"White House Black Market",163019,Chico's FAS Inc.,587
"Cold Stone Creamery",92406,Kahala,1
"AstraZeneca",6169,MedImmune,41
"Compuware",1976,Compuware,12
"Sterling Jewelers",16684,Sterling Jewelers,6
"Clorox",166360,The Clorox Company,67
"Rockwell Automation",2498,Rockwell Automation,76
"Emeritus Senior Living",28965,Emeritus,4
"Grant Thornton",2432,Grant Thornton LLP,74
"New York & Company",6360,New York Presbyterian Hospital,209
"AmeriCorps",1550928,AmeriCorps St. Louis,0
"BBVA Compass",269755,BBVA Compass,18
"Asurion",162563,Asurion,45
"Nationstar Mortgage",8112,Nationstar Mortgage,12
"TruGreen",2694961,TruGreen,8
"Nestlé Purina PetCare",1396,Nestlé Purina North America,27
"SAS Institute",1491,SAS,18
"University of Georgia",166638,University of Georgia,2
"McAfee",2336,McAfee,37
"EarthLink",1591196,EarthLink Business,51
"Garmin",9240,Garmin International,22
"Rain Bird",2392792,Watermaster Irrigation Supply,0
"University of Utah",4888,University of Utah - Employment,320
"Ryder System",4453,Ryder System, Inc.,9
"MarketStar",8111,MarketStar,5
"J.B. Hunt",164527,JB Hunt Transport Services, Inc.,2
"ConocoPhillips",3600,ConocoPhillips,46
"Sunrise Senior Living",7291,Sunrise Senior Living,22
"ESPN",3595,ESPN,18
"US Department of State",2998,US Department of Homeland Security,141
"Marsh & McLennan Companies",1096648,Marsh & McLennan Companies, Inc.,21
"Sedgwick Claims Management Services",3127,Fidelity National Financial,0
"Pharmaceutical Product Development",4430,PPD,50
"Vitamin Shoppe",166421,The Vitamin Shoppe,19
"Union Bank N.A.",4375,Union Bank,14
"ConAgra Foods",15153,Element 79,0
"Memorial Sloan-Kettering",5630,Memorial Sloan Kettering Cancer Center,72
"Nuance",3719,Nuance Communications,27
"Coventry Health Care",5564,Coventry Health Care, an Aetna Company,0
"Support.com",2719847,Total Tec Solutions,0
"Vail Resorts",7917,Vail Resorts,8
"MAXIMUS",164881,MAXIMUS,26
"Blackbaud",162724,Blackbaud,95
"Genesis HealthCare",11716,Genesis HealthCare,2
"Seagate Technology",2868,Seagate Technology,57
"Expeditors",5650,Expeditors,0
"Pratt & Whitney",2425,Pratt & Whitney,3
"Cinemark",20013,Cinemark,217
"Guess?",164086,GUESS?, Inc.,12
"Advisory Board",166346,The Advisory Board Company,143
"Parker Hannifin",4591,Parker Hannifin,28
"Western Digital",4593,WD, a Western Digital company,11
"Heinz",1111451,The H. John Heinz III Center for Science, Economics and the Environment,0
"UC Irvine",4418,UC Irvine,3
"Von Maur",166840,Von Maur,0
"University of Missouri",5442,University of Missouri,6
"QuikTrip",3223405,Midlothian Economic Development,0
"American Apparel",1678,Banana Republic / Gap Inc.,5
"Banfield Pet Hospital",10069,Banfield Pet Hospital,3
"Westinghouse",166921,Westinghouse Electric Company,0
"UPMC",3460,UPMC,1
"Regus",1769577,REGUS RECRUITMENT LTD,0
"Shell",1274,Shell Trading,0
"Fossil",163880,Fossil Group, Inc.,197
"Speedway LLC",2423445,Speedway Motorsports, Inc. (SMI),0
"Waffle House",3612215,Charm Etiquette,0
"Sysco",5343,Sysco,2
"Windstream",12709,Windstream Communications,33
"Express Employment Professionals",163746,Express Employment Professionals,15
"Kiewit Corporation",9585,Kiewit,12
"Alpine Access",162389,Alpine Access,0
"Covance",2468714,Ganado Painting and Wallcovering, Inc.,0
"rue21",2987936,Browman Development Company,0
"Chuck E. Cheese's",38510,CEC Entertainment,0
"Synopsys",2457,Synopsys,15
"Ceridian",3169,Ceridian,7
"Amedisys",489764,Beacon Hospice, an Amedisys company,0
"Dex One",735025,Dex Media,8
"Bright Horizons Family Solutions",9187,Bright Horizons,11
"Mayo Clinic",4725,Mayo Clinic,1
"TIBCO Software",30324,Intelliswift,0
"Delphi",2569480,Delphi Research Services Pvt. Ltd.,0
"Hot Topic",10340,Hot Topic,2
"Caribou Coffee",17435,Caribou Coffee,0
"Ogilvy & Mather",1673,Ogilvy & Mather,133
"ManTech",5461,ManTech,1837
"Denny's",2925294,Denny Manufacturing,0
"University of Illinois at Chicago",2649,University of Illinois at Chicago,26
"Spherion",2266,Spherion,3
"Maurices",31832,maurices,1
"In-N-Out Burger",265695,In-N-Out Burger,2
"Follett Higher Education Group",328678,Digital College Network,0
"Virginia Tech",2271322,Lean@VirginiaTech,0
"U-Haul",460149,Uhaul,1687
"Banner Health",8302,Banner Health,67
"Boy Scouts of America",8118,Boy Scouts of America,3
"Guidewire",9624,Guidewire Software,36
"Family Video",3007,Universal Music Group,2
"Ace Hardware",162258,Ace Hardware,4
"Stream Global Services",4372,Stream Global Services,0
"Sikorsky",1182134,Composite Technology, Inc. a Sikorsky Company,0
"Michael Kors",5002652,KEC Ventures,0
"LPL Financial",1218231,The Botsford Group,0
"Little Caesar's",31820,Little Caesars Pizza,1
"Cadence Design Systems",2157,Cadence Design Systems,19
"Ciber",157295,Ciber,91
"Aldo",3640655,Aldo Products Company, Inc.,0
"Sungard Availability Services",1873,Sungard Availability Services,26
"Bon-Ton Stores",294780,The Bon Ton Stores Inc.,0
"Biogen Idec",3961,Biogen Idec,45
"Sitel",3095,Sitel,1
"HCR ManorCare",164148,HCR ManorCare,5129
"Towers Watson",3965,Towers Watson,381
"Ferguson Enterprises",2240,Juniper Networks,127
"eBay Enterprise",164075,eBay Enterprise,38
"MasterCard",3015,MasterCard,125
"Mattel",3213,Mattel Interactive,0
"Brown Brothers Harriman",461672,TRITECH Communications,2
"Sage North America",725007,Sage ERP Africa,0
"Arrow Electronics",3570,Arrow Electronics,6
"TCF Bank",6930,TCF Bank,1
"PACCAR",165374,PACCAR,0
"Forrester Research",4124,Forrester Research,25
"Anheuser-Busch",4510,Anheuser-Busch,1
"Charlotte Russe",15076,Charlotte Russe,3
"Morningstar",5161,Morningstar,33
"Ally Financial",1474,Ally Financial Inc.,18
"UniFirst",17226,UniFirst Corporation,52
"Mosaic Sales Solutions",313622,Mosaic Sales Solutions,779
"Estée Lauder Companies",4059,The Estée Lauder Companies Inc.,12
"ResCare",165710,ResCare,7
"W.L. Gore",5996,W. L. Gore & Associates,16
"PSAV",165585,PSAV,14
"Navigant Consulting",1137763,Kohler HealthCare Consulting, Inc.,0
"McGraw-Hill Education",2933,McGraw-Hill Education,17
"BASF Corporation",163469,Verenium...now part of BASF,0
"Warner Bros.",2470,Warner Bros. Entertainment Group of Companies,18
"Lenovo",3653,Lenovo,23
"TransPerfect",13299,TransPerfect,1
"S&P Ratings",3062,Standard & Poor's,29
"Kaplan Test Prep and Admissions",3345,Kaplan Test Prep,121
"SYKES",4602,Sykes,5
"Jenny Craig",2968439,ECO-STAR ENERGY SOLUTIONS,0
"Primerica",4416,Primerica,25
"TriZetto",166418,TriZetto Corporation,13
"Esri",5311,Esri,444
"Ryan, LLC",218114,Genz-Ryan,0
"Diebold",1573005,Diebold Ventures,0
"Lord & Taylor",9082,Lord & Taylor,2
"Ritz-Carlton",2311,Marriott International,2125
"Hastings Entertainment",1713684,Viper Comics,0
"Clearwire",6301,Clearwire,0
"PAREXEL",4451,PAREXEL,43
"Medco Health",3546504,Medco Medical Supply,0
"Wiley",3567520,Wiley's Online,0
"Pilot Flying J",165472,Pilot Flying J,0
"Weatherford",166897,Weatherford,82
"Eddie Bauer",157346,Eddie Bauer,18
"Bose",4030,Bose Corporation,276
"MedAssets",14658,MedAssets,19
"Con-way Freight",4870,Con-way, Inc.,1352
"KBR",2219,KBR, Inc.,7
"Heartland Payment Systems",11054,Heartland Payment Systems,122
"Red Hat",3545,Red Hat,134
"Altera",3864,Altera,1
"Perficient",165444,Perficient,15
"Infor Global",18865,UXC Eclipse,2
"Luxottica",164787,Luxottica Retail North America,19
"ING",5723,ING Investment Management,0
"Schwan's",6234,The Schwan Food Company,7
"American Heart Association",157306,American Heart Association | American Stroke Association,8
"Weight Watchers",1080815,Joan Marie Verba, Health Coach,0
"Cameron",162873,Cameron,190
"Ingram Micro",2576,Ingram Micro,13
"Anonymous Content",23201,Anonymous Content,0
"Lionbridge",3117,Lionbridge,26
"Gallup",166373,Gallup,6
"Reynolds American",165749,RJ Reynolds,2
"Experian",2534,Experian,39
"Teradata",1466,Teradata,245
"Zara",2154626,Chez|Zara,0
"MicroStrategy",3643,MicroStrategy,51
"MAC Cosmetics",11674,MAC Cosmetics,17
"Nokia Networks",125389,Wirkle Inc.,0
"ZS Associates",5240,ZS Associates,16
"Autonomy",4014,HP Autonomy,5
"Novell",1457,Novell,13
"Zurich North America",2459,Zurich North America,70
"DynCorp International",7005,DynCorp International,4
"Hitachi Data Systems",3065,Hitachi Data Systems,16
"Enlivant",41806,Enlivant,9
"DHL Express",2245177,US 30 Post Express,0
"Mentor Graphics",2697,Mentor Graphics,32
"AllianceBernstein",3796,AllianceBernstein,76
"Polycom",3296,Polycom,16
"Syntel",4280,Syntel,4
"Colgate-Palmolive",3459,Young & Rubicam,2
"Serco, Inc.",3402,Sodexo,52
"Manhattan Associates",4376,Manhattan Associates,39
"Western Union",5992,Union Pacific Railroad,5
"Franklin Templeton Investments",1966276,Franklin Square Capital Partners,2
"Rolls-Royce",3871,Rolls-Royce,44
"Informatica",3858,Informatica,26
"D&B",2385,Dun and Bradstreet,3
"SuccessFactors",166185,SuccessFactors,20
"IBM Research",1009,IBM,2151
"Booz & Company",1403,Booz Allen Hamilton,42
"G4S",5355,G4S,0
"United Nations",1860,United Nations,0
"iGATE",3683,iGate Mastech,0
"Four Seasons",6830,State of Indiana,8
"Avery Dennison",3321,Avery Dennison,23
"Peace Corps",3441,Peace Corps,60
"Broadridge",11834,Broadridge Financial Solutions,54
"Mars",1547,Mars Petcare,12
"PTC",6817,Enigma (now part of PTC http://www.linkedin.com/company/ptc),0
"Analog Devices",1959,Freescale Semiconductor,17
"Akamai",3925,Akamai Technologies,174
"The Body Shop",6358,The Body Shop,0
"Sutherland Global Services",6339,Sutherland Global Services,15
"adidas Group",165069,Mullen,0
"Avid Technology",3249,Avid Technology,15
"Barclays",1796723,Barclays Center,0
"Sony",1252,Sony,5
"RB",2968969,RB Production Rentals,0
"Toyota",2109,Toyota,5
"SunGard",1872,SunGard,78
"Tech Mahindra",3067,Tech Mahindra,7
"Continental",4673,Continental Airlines,0
"Markit",142810,Markit Securities Finance,0
"FICO",3398,FICO,55
"Emerson Process Management",415267,Turbine Control Service Associates, Inc.,0
"Adecco",1930,Adecco Staffing, USA,15
"Novartis",1406,Novartis,23
"Samsung Group",4100,Starcom MediaVest Group,10
"IHS",164306,IHS,69
"BNP Paribas",2500,Havas Worldwide,24
"Ipsos",4322,Ipsos Reid,0
"Ariba",2818,Ariba,24
"Cypress Semiconductor",3579,Cypress Semiconductor Corporation,7
"UBS Investment Bank",2460414,GoBuyside Inc.,2
"JDA Software",3267,JDA Software,31
"Royal Dutch Shell",1605057,Thinking Edge, LLC,0
"Huawei Technologies",3014,Huawei Technologies,20
"Mahindra Satyam",1857,Tech Mahindra (formerly Mahindra Satyam),0
"Collabera",24440,Collabera,23
"A.T. Kearney",2196,A.T. Kearney,4
"BHP Billiton",2701990,Flex Force Pty ltd,0
"IBM India",246518,BitWise Inc,0
"Nestlé",1395,Nestlé Waters North America,17
"UST Global",12770,UST Global,0
"Société Générale",163803,Newedge,0
"Keane",1738711,KEANE,3
"Royal Bank of Scotland",167027,ZenithOptimedia Group I The ROI Agency,6
"Aditya Birla Minacs",12801,The Minacs Group,4
"MphasiS",66441,Mphasis Wyde,0
"Philips Electronics",2778323,One-Red LLC,0
"WorleyParsons",547872,NANA WorleyParsons,0
"Sanofi-Aventis",44487,Knack Systems,0
"IMS Health",3331,IMS Health,43
"Marcus Evans",323500,THG Sports,0
"Sun Life",2483244,SunLife Home Health,0
"ABC",1299,Disney ABC Television Group,18
"L&T Infotech",4500,L&T Infotech,0
"OpenText",8761,EasyLink Services - now a part of OpenText,0
"S&P Capital IQ",162892,S&P Capital IQ,70
"STMicroelectronics",3356671,NFC Forum,0
"SapientNitro",32745,SapientNitro,41
"Diageo",325292,Syncapse,0
"Fujitsu",1377,Fujitsu Network Communications,2
"Macquarie Group",3537,Macquarie Group,8
"ThoughtWorks",157356,ThoughtWorks,17
"Frost & Sullivan",4506,Frost & Sullivan,0
"NetCracker Technology",165155,NetCracker,1
"Tim Hortons",3193519,Kelton Enterprises, LLC,0
"Headstrong",4386,Genpact Headstrong Capital Markets,10
"Genpact",210064,GENPACT,20
"FDM Group",1636835,Incodema Inc.,0
"Mindtree",4300,Mindtree,7
"BMO Financial Group",164126,BMO Harris Bank,859
"Atos",32631,San Diego Data Processing Corporation,0
"LG Electronics",3503,LG Electronics,63
"BT",1181,BT Global Services,10
"Ubisoft",319643,Zong,0
"Mu Sigma",37734,Mu Sigma,5
"Robert Bosch",165755,Bosch North America,52
"Altisource",462395,Altisource,10
"Orange Business Services",1112,Orange Business Services,1
"Royal Bank of Canada",1800,RBC Capital Markets,75
"Virtusa",5140,Virtusa,5
"Airbus Group",31454,Airbus Helicopters, Inc.,1
"L'Oréal",7677,E2open,6
"Aricent",3229,Aricent,2
"Polaris FT",97785,America's PowerSports,0
"Standard Chartered Bank",166268,TBWA\Worldwide,0
"Symphony Teleca",4301,Symphony Teleca,1
"Exl Service",163743,EXL,9
"KPIT Technologies",5521,KPIT,0
"ABB Group",31406,Baldor Electric Company – A Member of the ABB Group,39
"Persistent Systems (India)",27492,Norwest Venture Partners,0
"Ness Technologies",3495,Ness Technologies,0
"NIIT Technologies",271908,NIIT Technologies Limited,0
"Scotiabank",163875,Fortent,0
"Larsen & Toubro",4500,L&T Infotech,0
"Sasken",738520,Bryte Telecom, LLC,0
"KPMG International",3357260,KPMG Corporate Finance LLC,0
"CMC",24162,CMC Biologics,0
"Manulife Financial",2690,John Hancock Financial Services,91
"Logica",3695558,Logica Capital Advisers LLC,0
"TELUS",444501,TELUS International Philippines,0
"GlobalLogic",164008,GlobalLogic,9
"Cisco Systems India",27492,Norwest Venture Partners,0
"Vodafone",32745,SapientNitro,41
"University of Toronto",3663,Rotman School of Management, University of Toronto,0
"CIBC",1824,CIBC World Markets,0
"Axis Bank",2416656,AXIS LLC,0
"National University of Singapore",3148403,Technische Universität München Asia (German Institute of Science & Technology - TUM Asia),0
"ICICI Bank",13084,Pramati Technologies,0
"Reliance Industries",3960,Ciena,31
"WalMart Canada",163590,Ektron,3
"eClerx",17312,eClerx,0
